{"W": [[-0.20406202763396553, -0.20406202763396553, -0.20406202763396553], [-0.20406202763396553, -0.20406202763396553, -0.20406202763396553]], "V": [[-0.20406202763396553, -0.20406202763396553], [-0.20406202763396553, -0.20406202763396553], [-0.20406202763396553, -0.20406202763396553]], "B": [[0.0], [0.0], [0.0]], "C": [[0.0], [0.0]], "K": [[0.616288307609602], [0.616288307609602], [0.616288307609602]], "H": [[0.6493739121177448], [0.6493739121177448], [0.6493739121177448]], "O": [[-0.39753767159804265], [-0.39753767159804265]]}