{"W": [[-10.55490575778832, -10.55490575778832, -10.55490575778832], [-6.396863699084267, -6.396863699084267, -6.396863699084267]], "V": [[-1.1009629920946509, 0.6928389368268189], [-1.1009629920946509, 0.6928389368268189], [-1.1009629920946509, 0.6928389368268189]], "B": [[-11.088691710574109], [-11.088691710574109], [-11.088691710574109]], "C": [[0.4624871233359747], [-0.46248712333597514]], "K": [[8.188355241780373], [8.188355241780373], [8.188355241780373]], "H": [[0.9997222066521402], [0.9997222066521402], [0.9997222066521402]], "O": [[-2.839484332361647], [1.6154522890011154]]}